Main Category,Category,Sub Category,SubSub
1167 Coats,1998 Capes Outerwear Capes,,
1167 Coats, 1108 Capes for Women,,
1167 Coats,1816 Cocoon Coat cocoon coat,,
1167 Coats,1170 Duffle Coat Duffle coat,,
1167 Coats,2070 Military Coat Military coat, 2930 Double Breasted Military Coat,
1167 Coats,2070 Military Coat Military coat, 2928 Military Coat,
1167 Coats,2070 Military Coat Military coat, 2929 Military Coat Women,
1167 Coats,2220 Other Coat,,
1167 Coats,1109 Parka ,,
1167 Coats,1160 Peacoat ,,
1167 Coats,1110 Ponchos ,1147 Poncho,
1167 Coats,1110 Ponchos ,1478 Ruana Wrap,
1167 Coats,1405 Puffer Coats,2933 Down Coat,
1167 Coats,1405 Puffer Coats,2931 Pufer Coat Women ,
1167 Coats,1405 Puffer Coats, 2932 Quilted Coat,
1167 Coats,1964 Raincoat Raincoat,,
1167 Coats,1171 Trench Coat ,,
1167 Coats,2222 Wrap Coat ,,
4 Dresses ,2181 Babydoll Dress ,,
4 Dresses ,2150 Blouson Dress ,,
4 Dresses ,2093 Column Dress,,
4 Dresses ,2709 Denim Dress ,2724 Denim dress,
4 Dresses ,2709 Denim Dress ,2725 Jean dress,
4 Dresses ,1198 Evening Gown ,,
4 Dresses ,1164 Kaftan ,,
4 Dresses ,2248 Mermaid/Trumpet Dress ,1596 Mermaid Dress,
4 Dresses ,2248 Mermaid/Trumpet Dress ,1597 Trumpet Dress,
4 Dresses ,2526 Other dresses ,,
4 Dresses ,2108 Pinafore Dress ,,
4 Dresses ,1582 Shirtdress ,,
4 Dresses ,1202 Slip Dress ,,
4 Dresses ,61 Sweater Dress ,,
4 Dresses ,2270 Sweater/Sweatshirt Dress ,,
4 Dresses ,2064 Sweatshirt Dress ,,
4 Dresses ,2110 T-Shirt Dress,2355 T-shirt Dress H&M,
4 Dresses ,2111 T-Shirt Dress,2356 T-shirt Dress Online,
4 Dresses ,2112 T-Shirt Dress,2357 T-shirt Dress UK,
4 Dresses ,2112 T-Shirt Dress, 2950 T-shirt dresses,
4 Dresses ,1608 Tank Dress ,,
4 Dresses ,2712 Tunic Dress ,2948 3/4 sleeve tunic dresses,
4 Dresses ,2712 Tunic Dress ,2949 Elbow sleeve tunic dresses,
4 Dresses ,2712 Tunic Dress ,2947 Long sleeve tunic dresses,
4 Dresses ,2712 Tunic Dress ,2723 Tunic dresses,
4 Dresses ,2063 Twofer Dress ,,
4 Dresses ,2716 Wrap Dress ,2829 Diane von furstenberg wrap dress,
4 Dresses ,2716 Wrap Dress ,2827 Wrap Dresses,
4 Dresses ,2716 Wrap Dress ,2830 Wrap front dress,
4 Dresses ,2716 Wrap Dress ,2828 Wrapped dress,
1186 Hosiery ,2571 Other Hosieries ,,
1186 Hosiery ,1965 Socks ,,
1186 Hosiery ,1943 Stockings ,,
1186 Hosiery ,1142 Tights and Pantyhose ,1476 Pantyhose,
1186 Hosiery ,1142 Tights and Pantyhose ,1475 Tights Hosiery,
1166 Jackets,1159 Anorak ,,
1166 Jackets,1098 Athletic Jacket ,,
1166 Jackets,1665 Biker Jacket ,,
1166 Jackets,1106 Blazer ,,
1166 Jackets,1470 Boleros and Shrugs Bolero,1111 Bolero Jacket,
1166 Jackets,1470 Boleros and Shrugs Bolero,1347 Shrug,
1166 Jackets,1664 Bomber Jacket,,
1166 Jackets,1822 Boxy Jacket ,2484 Boxy Cropped Jacket,
1166 Jackets,1822 Boxy Jacket ,2485 Chanel Blazer,
1166 Jackets, 2483 Chanel Jacket,,
1166 Jackets,1100 Denim Jackets ,,
1166 Jackets,1474 Kimono Jacket ,2853 Floral Kimono,
1166 Jackets,1474 Kimono Jacket ,2851 Kimono Cardigan,
1166 Jackets,1474 Kimono Jacket ,2852 Kimono Cover-up,
1166 Jackets,1474 Kimono Jacket ,2941 Kimono Jacket,
1166 Jackets,1099 Leather Jacket,,
1166 Jackets,2271 Other jackets ,,
1166 Jackets,1102 Puffer Jackets ,,
1166 Jackets,1963 Rain Jacket ,,
1166 Jackets,1850 Tuxedo Jacket ,,
1166 Jackets,1853 Utility Jacket ,2855 Cargo Jacket,
1166 Jackets,1853 Utility Jacket ,2856 Field Jacket,
1166 Jackets,1853 Utility Jacket ,2854 Utility Jacket,
1166 Jackets,1853 Utility Jacket ,2857 Safari Jacket,
1166 Jackets,1666 Varsity Jacket,,
1166 Jackets,1466 Vests Waistcoat,,
1207 Jeans ,1281 Boyfriend Jeans,,
1207 Jeans ,2990 Jeans,,
1207 Jeans ,2572 Other jeans,,
2525 L1-clothes ,,,
1205 Lingerie,10 Bras ,1632 Balconette Bra, 2359 Balconette Bra Online
1205 Lingerie,10 Bras ,1632 Balconette Bra, 2358 Balconette Bra Push-Up
1205 Lingerie,10 Bras ,1632 Balconette Bra, 2360 Balconette Bra UK
1205 Lingerie,10 Bras ,1630 Bandeau Bra, 2361 Bandeau Bra Target
1205 Lingerie,10 Bras ,1630 Bandeau Bra, 2363 Bandeau Bra Walmart
1205 Lingerie,10 Bras ,2362 Bandeau Crop Top,
1205 Lingerie,10 Bras ,1479 Bralette,
1205 Lingerie,10 Bras ,2185 Bustier,2544 Strapless bustier bra
1205 Lingerie,10 Bras ,1631 Demi Bra,
1205 Lingerie,10 Bras ,1640 Full-Crop Bra, 2365 Full Cup Bra Australia
1205 Lingerie,10 Bras ,1640 Full-Crop Bra, 2366 Full Cup Bra Jockey
1205 Lingerie,10 Bras ,1640 Full-Crop Bra, 2364 Full Cup Bra Online
1205 Lingerie,10 Bras ,2295 Other bras Styles,
1205 Lingerie,10 Bras ,1629 Plunge Bra, 2369 Deep Plunge Bra
1205 Lingerie,10 Bras ,1629 Plunge Bra, 2367 Plunge Bra Push-Up
1205 Lingerie,10 Bras ,1629 Plunge Bra, 2368 Plunge Bra Target
1205 Lingerie,10 Bras ,1639 Push-Up Bra,2196 Super Push-Up Bra 
1205 Lingerie,10 Bras ,1641 Racerback Bra, 2372 Racerback Bra NZ
1205 Lingerie,10 Bras ,1641 Racerback Bra, 2371 Racerback Bra Walmart
1205 Lingerie,10 Bras ,1641 Racerback Bra, 2370 Racerback Sports Bra
1205 Lingerie,10 Bras ,1610 Sports Bra, 2382 Sports Bra Adidas
1205 Lingerie,10 Bras ,1610 Sports Bra, 2381 Sports Bra Nike
1205 Lingerie,10 Bras ,1610 Sports Bra, 2383 Sports Bra Reebok
1205 Lingerie,10 Bras ,1610 Sports Bra, 2380 Sports Bra Wacoal
1205 Lingerie,10 Bras ,1628 Strapless Bra, 2374 Strapless Bra Jockey
1205 Lingerie,10 Bras ,1628 Strapless Bra, 2375 Strapless Bra Plus Size
1205 Lingerie,10 Bras ,1628 Strapless Bra, 2373 Strapless Bra Walmart
1205 Lingerie,10 Bras ,1633 T-shirt Bra, 2377 T-Shirt Bra Jockey
1205 Lingerie,10 Bras ,1633 T-shirt Bra, 2378 T-Shirt Bra Triumph
1205 Lingerie,10 Bras ,1633 T-shirt Bra, 2376 T-Shirt Bra Victoria Secret
1205 Lingerie,10 Bras ,1633 T-shirt Bra, 2379 Wacoal T-Shirt Bra
1205 Lingerie,10 Bras ,22522 Triangle Bra,
1205 Lingerie, 2992 Camisole Sets,,
1205 Lingerie,1201 Camisoles,,
1205 Lingerie,2179 Chemise ,2180 Babydoll Chemise,
1205 Lingerie,2217 Lingerie Accessories ,2218 Bra Inserts,
1205 Lingerie,2573 Other Lingerie ,,
1205 Lingerie,12 Panties ,1649 Bikini Panties,
1205 Lingerie,12 Panties ,2549 Cotton bikini panties,
1205 Lingerie,12 Panties ,1091 Boyshorts,
1205 Lingerie,12 Panties ,1650 Brief Panties ,
1205 Lingerie,12 Panties ,1653 Full Panties ,
1205 Lingerie,12 Panties ,2555 High-Cut Brief Panties ,
1205 Lingerie,12 Panties ,1651 Hipster Panties ,
1205 Lingerie,12 Panties ,1652 String Bikini Panties,
1205 Lingerie,12 Panties ,2531 Tanga ,
1205 Lingerie,12 Panties ,1115 Thong Panties Women ,1116 G-string Thong Women 
1205 Lingerie,2184 Shapewear ,,
1205 Lingerie,1206 Skirt Slip ,,
1205 Lingerie,"2689 Lingerie, Swimwear",,
1205 Lingerie,1362 Lounge and Sleepwear ,2717 Lounge wear,2939 Loungewear
1205 Lingerie,1362 Lounge and Sleepwear ,2717 Lounge wear,2268 Womens lounge pants
1205 Lingerie,1362 Lounge and Sleepwear ,2265 Womens loungewear,
1205 Lingerie,1362 Lounge and Sleepwear ,2720 Nightgowns,2859 Long Nightgowns
1205 Lingerie,1362 Lounge and Sleepwear ,2720 Nightgowns,2861 Nightgown Short
1205 Lingerie,1362 Lounge and Sleepwear ,2720 Nightgowns,2858 Nightgowns
1205 Lingerie,1362 Lounge and Sleepwear ,2720 Nightgowns,2860 Whitle Nightgowns
1205 Lingerie,1362 Lounge and Sleepwear ,2574 Other sleepwear/loungewear,
1205 Lingerie,1362 Lounge and Sleepwear ,2722 Pajama set,1363 Long Pajama Set 
1205 Lingerie,1362 Lounge and Sleepwear ,2722 Pajama set,1364 Short Pajama Set Short Pajama
1205 Lingerie,2706 Robes ,2863 Bathrobe,
1205 Lingerie,2706 Robes ,2864 Dressing Gown,
1205 Lingerie,2706 Robes ,2862 Silk Robe,
1205 Lingerie,2706 Robes ,2865 Sleep Robe,
1205 Lingerie,2718 Sleep Bottoms ,2867 Sleep Pants, 2870 Pajama Bottoms
1205 Lingerie,2718 Sleep Bottoms ,2867 Sleep Pants, 2872 Pajama Pants
1205 Lingerie,2718 Sleep Bottoms ,2867 Sleep Pants, 2871 Silk Pajama Bottoms
1205 Lingerie,2718 Sleep Bottoms ,2867 Sleep Pants,2868 Sleep Pants
1205 Lingerie,2718 Sleep Bottoms ,2866 Sleep Shorts, 2869 Sleep Shorts
1205 Lingerie,2718 Sleep Bottoms ,2866 Sleep Shorts, 2874 Sleep Shorts Amazon
1205 Lingerie,2718 Sleep Bottoms ,2866 Sleep Shorts, 2875 Sleep Shorts Men
1205 Lingerie,2718 Sleep Bottoms ,2866 Sleep Shorts, 2873 Sleep Shorts Women
1205 Lingerie,2719 Sleep Tops ,2876 Pajama Top,
1205 Lingerie,2719 Sleep Tops ,2877 Sleep Tops,
1205 Lingerie,2719 Sleep Tops ,2878 Sleep Tops Women,
1205 Lingerie,2721 Sleepshirt ,2880 Nightshirt Women,
1205 Lingerie,2721 Sleepshirt ,2879 Nightshirts,
1205 Lingerie,2721 Sleepshirt ,2881 Satin Sleepshirt,
1205 Lingerie,1185 Men's Underwear ,1315 Bikini Briefs Men, 2521 Bikini Briefs Men's Underwear
1205 Lingerie,1185 Men's Underwear ,1315 Bikini Briefs Men, 2523 Bikini Briefs Mens Low Waist
1205 Lingerie,1185 Men's Underwear ,1315 Bikini Briefs Men, 2522 Hanes Bikini Briefs Mens
1205 Lingerie,1185 Men's Underwear ,,
1205 Lingerie,1185 Men's Underwear ,1088 Boxer Briefs ,
1205 Lingerie,1185 Men's Underwear ,1316 Boxer Shorts Men, 2995 Boxer Shorts Men
1205 Lingerie,1185 Men's Underwear ,1117 Classic Briefs Men ,
1205 Lingerie,1185 Men's Underwear ,2575 Other mens' underwear ,
1205 Lingerie,1185 Men's Underwear ,1105 Undershirts,
1209 Onesies,1203 Bodysuit Bodysuit,,
1209 Onesies,1153 Overalls,,
1209 Onesies,1152 Jumpsuit ,,
1209 Onesies,2576 Other Onesies ,,
1209 Onesies,53 Romper,,
1209 Onesies,1211 Shortalls ,,
1209 Onesies,1212 Unitard ,,
1348 Pants ,2732 Bell Bottom Pants,2882 Bell Bottom pants,
1348 Pants ,2732 Bell Bottom Pants, 2883 Bell Bottom Pants Yoga,
1348 Pants ,2732 Bell Bottom ,,
1348 Pants ,1473 Chinos,,
1348 Pants ,73 Culottes,2885 Culottes,
1348 Pants ,73 Culottes, 2886 Culottes Pants,
1348 Pants ,73 Culottes, 2887 Striped Culottes,
1348 Pants ,2733 Dress Pants ,2891 Dress Pants,
1348 Pants ,2733 Dress Pants ,2890 Slacks Women,
1348 Pants ,2733 Dress Pants ,2888 Suit Trousers,
1348 Pants ,2889 Suit Trousers Women,,
1348 Pants ,1465 Drop Crotch Pants,,
1348 Pants ,2734 Harem Pants ,2892 Harem Pants,
1348 Pants ,2734 Harem Pants ,2894 Harem Pants Yoga,
1348 Pants ,2734 Harem Pants ,2893 Harem Pants Women,
1348 Pants ,1162 Horseback,,
1348 Pants ,2066 Jogger Pants,2952 Jogger Pants,
1348 Pants ,2066 Jogger Pants,2895 Jogger Pants Men,
1348 Pants ,2066 Jogger Pants,2897 Jogger Pants Twill,
1348 Pants ,2066 Jogger Pants,2896 Jogger Pants Women,
1348 Pants ,2735 Leather Pants,2946 Faux leather pants,
1348 Pants ,2735 Leather Pants,2898 Leather Pants,
1348 Pants ,2735 Leather Pants,2900 Leather Pants Skinny,
1348 Pants ,2735 Leather Pants,2899 Leather Pants Women,
1348 Pants ,47 Leggings,1471 Jeggings,
1348 Pants ,47 Leggings,1472 Treggings,
1348 Pants ,2272 Other pants ,,
1348 Pants ,2731 Palazzo Pants Palazzo Pants,2901 Palazzo Pants,
1348 Pants ,2731 Palazzo Pants Palazzo Pants,2902 Palazzo Pants Formal,
1348 Pants ,2731 Palazzo Pants Palazzo Pants,2903 Palazzo Pants Wide,
1348 Pants , 2904 Wide Leg Pants,,
1348 Pants ,2065 Sweatpants ,,
1348 Pants ,1821 Utility Pants ,2905 Cargo Pants,
1348 Pants ,1821 Utility Pants ,2907 Cargo Pants Skinny,
1348 Pants ,1821 Utility Pants ,2906 Cargo Pants Women,
1165 Shorts,1464 Athletic Shorts,1089 Basketball Shorts,
1165 Shorts,1464 Athletic Shorts,1346 Board Shorts,
1165 Shorts,1464 Athletic Shorts,1090 Soccer Shorts,
1165 Shorts,1087 Casual Shorts,,
1165 Shorts,2801 Denim shorts ,2908 Denim Shorts,
1165 Shorts,2801 Denim shorts ,2911 Denim Shorts High Waist,
1165 Shorts,2801 Denim shorts ,2909 Denim Shorts Women,
1165 Shorts,2801 Denim shorts ,2910 Ripped Denim Shorts,
1165 Shorts,2577 Other shorts ,,
1165 Shorts,1989 Skort ,2385 Skort Black,
1165 Shorts,1989 Skort ,2384 Skort Shorts,
1165 Shorts,1989 Skort ,2386 Zara SKort,
3 Skirts ,2741 Denim Skirt ,2835 Denim Skirt,
3 Skirts ,2741 Denim Skirt ,2837 Denim Skirt Forever 21,
3 Skirts ,2741 Denim Skirt ,2838 Denim Skirt Knee Length,
3 Skirts ,2741 Denim Skirt ,2836 Denim Skirt Short,
3 Skirts ,2019 Gored Skirt,3005 Gore Skirt,
3 Skirts ,2019 Gored Skirt,2390 Gored Denim Skirt,
3 Skirts ,2019 Gored Skirt,2391 Gored Denim Skirt Long,
3 Skirts ,2019 Gored Skirt,2988 Gored Skirt,
3 Skirts , 2530 Panel Skirt ,,
3 Skirts ,2758 Leather Skirt ,3008 Leather Mini Skirt,
3 Skirts ,2758 Leather Skirt ,2839 Leather Skirt,
3 Skirts ,2758 Leather Skirt ,2840 Leather Skirt Black,
3 Skirts ,2758 Leather Skirt ,2841 Leather Skirt Pencil,
3 Skirts ,2759 Mermaid/Trumpet Skirt ,2021 Mermaid Skirt, 2392 Mermaid Skirt Black
3 Skirts ,2759 Mermaid/Trumpet Skirt ,2021 Mermaid Skirt, 2395 Mermaid Skirt High Waist
3 Skirts ,2759 Mermaid/Trumpet Skirt ,2021 Mermaid Skirt, 2394 Mermaid Skirt Pencil
3 Skirts ,2759 Mermaid/Trumpet Skirt ,2021 Mermaid Skirt, 2393 Mermaid Skirt Plus Size
3 Skirts ,2759 Mermaid/Trumpet Skirt ,1654 Trumpet Skirt, 2953 Knee length trumpet skirt
3 Skirts ,2759 Mermaid/Trumpet Skirt ,1654 Trumpet Skirt,2951 Trumpet skirt
3 Skirts ,2273 Other skirt ,,
3 Skirts ,2756 Pleated Skirt ,2842 Pleated Skirt,
3 Skirts ,2756 Pleated Skirt ,2843 Pleated Skirt Knee Length,
3 Skirts ,2756 Pleated Skirt ,2844 Pleated Skirt Mini,
3 Skirts ,1658 Tulip Skirt ,2024 Pegged Skirt,
3 Skirts ,1658 Tulip Skirt ,2938 Tulip Hem Skirts,
3 Skirts ,1658 Tulip Skirt ,2935 Tulip Pencil Skirt,
3 Skirts ,1658 Tulip Skirt ,2934 Tulip Skirt,
3 Skirts ,1658 Tulip Skirt ,2937 Tulip Skirt Black,
3 Skirts ,1658 Tulip Skirt ,2936 Tulip Skirt Forever 21,
3 Skirts ,2757 Tulle Skirt ,2845 Tulle Skirt,
3 Skirts ,2757 Tulle Skirt ,2847 Tulle Skirt Black,
3 Skirts ,2757 Tulle Skirt ,2846 Tulle Skirt Maxi,
3 Skirts ,2740 Wrap Skirt ,2850 Wrap Skirt,
3 Skirts ,2740 Wrap Skirt ,2848 Wrap Skirt Maxi,
3 Skirts ,2740 Wrap Skirt ,2849 Wrap Skirt Mini,
1449 Suits and Set Clothing Suits,2743 Kids Sets ,,
1449 Suits and Set Clothing Suits,,,
1449 Suits and Set Clothing Suits,2503 Other suit ,,
1449 Suits and Set Clothing Suits,2578 Other suits and set ,,
1449 Suits and Set Clothing Suits,1820 Pantsuit,,
1449 Suits and Set Clothing Suits, 2397 Black Pantsuit,,
1449 Suits and Set Clothing Suits,,,
1449 Suits and Set Clothing Suits,1819 Skirt Suit ,2401 Skirt Suit Business,
1449 Suits and Set Clothing Suits,1819 Skirt Suit ,2402 Skirt Suit Plus Size,
1449 Suits and Set Clothing Suits,1819 Skirt Suit ,2400 Skirt Suit Women,
1449 Suits and Set Clothing Suits,1852 Suit Men ,2404 Business Suit Men,
1449 Suits and Set Clothing Suits,1852 Suit Men ,2403 Suit Men Black,
1449 Suits and Set Clothing Suits,1852 Suit Men ,2405 Suit Men Grey,
1449 Suits and Set Clothing Suits,1851 Tuxedo Suit ,2407 Tux,
1449 Suits and Set Clothing Suits,1851 Tuxedo Suit ,2406 Tuxedo Suit Black,
1449 Suits and Set Clothing Suits,1851 Tuxedo Suit ,2408 Tuxedo Suit Online,
1208 Sweaters,251 Cardigans,,
1208 Sweaters,1114 Hoodies ,,
1208 Sweaters,2579 other Sweaters,,
1208 Sweaters,46 Pullover Sweater ,,
1208 Sweaters,2067 Sweater Vest,2410 Argyle Sweater Vest,
1208 Sweaters,2067 Sweater Vest,2409 Sweater Vest Mens,
1208 Sweaters,2067 Sweater Vest,2411 V-Neck Sweater Vest,
1208 Sweaters,1039 Sweatshirt ,,
1208 Sweaters,1195 Zipped Sweater ,,
1210 Swimwear ,1169 Cover-up Cover-up,,
1210 Swimwear ,1214 One-Piece Swimsuit,,
1210 Swimwear ,2580 Other swimwear,,
1210 Swimwear ,1213 Two-Piece Swimsuit ,2072 Bikini Bottoms,
1210 Swimwear ,1213 Two-Piece Swimsuit ,2071 Bikini Top,
167 Tops ,1103 Athletic Shirts,,
167 Tops ,249 Blouses ,,
167 Tops ,2208 Cami Top,2914 Black Cami Top,
167 Tops ,2208 Cami Top,2912 Cami Top,
167 Tops ,2208 Cami Top,2545 Cami top lace,
167 Tops ,2208 Cami Top,2913 Silk Cami Top,
167 Tops ,2221 Muscle Tee ,,
167 Tops ,2274 Other tops ,,
167 Tops ,938 Polo Shirts ,,
167 Tops ,2245 Shirts ,2246 Checked shirts,
167 Tops ,2245 Shirts ,2247 Plaid Shirts,
167 Tops ,2209 Spaghetti Top,,
167 Tops ,1104 T-shirts,2974 t-shirt,
167 Tops ,1034 Tank Tops ,,
167 Tops ,1033 Tube Top,,